ubicacion,nombre,telefono,direccion
"Ecuador, LOS RIOS, Vinces",Hotel Azuay,05-2791131,Calle Balzar y Av Las Flores
"Ecuador, ESMERALDAS, Esmeraldas",Hotel Barracón,06-2712647,Av Olmedo 1502 y Rocafuerte
"Ecuador, ESMERALDAS, Atacames",Hotel Elicio's,06-2731258,"Barrio Nueva Granada, Calle Principal Atacames"
"Ecuador, ESMERALDAS, Atacames",Hotel El Marqués,06-2731560,Malecón y Los Crotos
"Ecuador, ESMERALDAS, Atacames",Hotel El Tiburon,06-2731145,Atacames - Frente al Mar
"Ecuador, ESMERALDAS, Esmeraldas",Hotel Club del Sol,06-2760660,Atacames
"Ecuador, ESMERALDAS, Atacames",Grand Hotel Paraiso - Salinas,06-2731782,Sector El Edén 300 mts Vía a Súa (Hotel frente al mar)
"Ecuador, ESMERALDAS, Tonsupa",Aqua Marina Hotel,06-2731025,Tonsupa - Atacames (Entrada a San Carlos frente Escuela Heleodoro Sáenz)
"Ecuador, GALAPAGOS, Isla San Cristóbal",Hospedaje Amaro Galapagos,052520356,Cuenca y Esmeraldas Esquina
"Ecuador, GALAPAGOS, Isla San Cristóbal",GRAN HOTEL PARAISO INSULAR,05-2520091,Isla San Cristóbal Av Alsacio Northia y Esmeraldas - Galapagos
"Ecuador, SANTO DOMINGO DE LOS TSACHILAS, Santo Domingo",Hotel Caleta,02-2750277,Calle Ibarra 906 y Av 29 de Mayo
"Ecuador, SANTO DOMINGO DE LOS TSACHILAS, Santo Domingo",Hotel Unicornio,02-2760147,Av 29 de Mayo 712 y Ambato
"Ecuador, SANTO DOMINGO DE LOS TSACHILAS, Santo Domingo",Hostería Kasadasa Ecolodge,02-3782079,Calle Río Toachi y Av Quito (Santo Domingo de Los Tsáchilas)
"Ecuador, SANTO DOMINGO DE LOS TSACHILAS, Santo Domingo",Club Hotel Ida María,02-2750921,Av Quito 1261 y Río Chimbo
"Ecuador, SANTO DOMINGO DE LOS TSACHILAS, Santo Domingo",Grand Hotel Santo Domingo,02-2767947,Av Río Toachi 680 y Galápagos
"Ecuador, SANTO DOMINGO DE LOS TSACHILAS, Santo Domingo",Kashama Eco Resort & Spa,02-2773193,Km 26 Vía Santo Domingo - Esmeraldas
"Ecuador, SANTO DOMINGO DE LOS TSACHILAS, Santo Domingo",Victoria Suites Hotel,02-3700622,Av Chone Km 1 Fte al Sindicato de Choferes
"Ecuador, IMBABURA, Ibarra",Hotel La Giralda,06-2956002,Av Atahualpa 15-142 y Juan Francisco Bonilla
"Ecuador, IMBABURA, Ibarra",Hotel Royal Ruiz,06-2644653,Calle Olmedo 940 y Pedro Moncayo
"Ecuador, IMBABURA, Ibarra",Hotel Montecarlo S.A.,06-2958182,Av Jaime Rivadeneira 5-55 y Oviedo
"Ecuador, IMBABURA, Ibarra",Hotel Turismo Internacional,06-2952814,Rafael Troya y Juan Hernandez
"Ecuador, IMBABURA, Ibarra",Hostal Ecuador,06-2956425,Obispo Mosquera 554 y Bolívar
"Ecuador, IMBABURA, Ibarra",Hostería Arco Iris,06-2941135,A 32 Kms. de Ibarra
"Ecuador, IMBABURA, Otavalo",Hostería Puerto Lago,06-2635400,A Orillas del Lago San Pablo
"Ecuador, IMBABURA, Otavalo",Hostería Cabañas del Lago,06-2918001,A Orillas del Lago San Pablo
"Ecuador, IMBABURA, Otavalo",Puertolago,06-2635400,Panamericana Sur Km 5 1/2
"Ecuador, IMBABURA, Ibarra",Hacienca Chorlavi,06-2932222,Panamericana Sur Km 4 1/2
"Ecuador, IMBABURA, Otavalo",Hacienda Pinsaquí,06-2932222,Panamericana Norte Km 5
"Ecuador, IMBABURA, Ibarra",San Andrés Lodge & Spa,06-2546528,Av. 13 de Abril y Esmeraldas
"Ecuador, IMBABURA, Ambuqui",Aruba Hostería,06-2637146,Panamericana Norte Km 36.5 Ambuquí
"Ecuador, PICHINCHA, Quito",Hotel Akros,02-2430600,Av 6 de Diciembre N34-120 y Eloy Alfaro
"Ecuador, PICHINCHA, Quito",Hotel Gold,02-2257391,Av 10 de Agosto N35-77 e Ignacio San Maria
"Ecuador, PICHINCHA, Quito",Hotel Quito,02-3964900,Av González Suárez N27-142
"Ecuador, PICHINCHA, Quito",Hotel Cayman,02-2567616,Juan Rodríguez E7-29 y Reina Victoria
"Ecuador, GALAPAGOS, Puerto Ayora",Hotel Solymar,05-2526281,"Av Charles Darwin y Thomas de Berlanga, Isla Santa Cruz"
"Ecuador, GALAPAGOS, Puerto Ayora",Hotel Fernandina,05-2526122,18 de Febrero y Piqueros - Isla Santa Cruz
"Ecuador, GALAPAGOS, Puerto Ayora",Hotel Lobo de Mar,05-2526277,Isla Santa Cruz - Puerto Ayora. Av. Charles Darwin y 12 de Febrero
"Ecuador, GALAPAGOS, Puerto Ayora",Hotel Angermeyer Waterfront Inn,05-2526561,Punta Estrada
"Ecuador, GALAPAGOS, Puerto Ayora",Hostal Darwin,05-2526193,Avenida Baltra y Tomas de Berlanga
"Ecuador, GALAPAGOS, Puerto Ayora",Hostería Piedras Blancas,05-3032682,Puerto Ayora
"Ecuador, GALAPAGOS, Puerto Ayora",Royal Palm,05-2527408,Km 18 Vía Baltra
"Ecuador, GALAPAGOS, Puerto Ayora",Finch Bay Eco Hotel,05-2526297,Puerto Ayora
"Ecuador, GALAPAGOS, Puerto Ayora",Compañia de Buceo Scuba Iguanacorp S.A.,05-2526497,Avenida Charles Darwin
"Ecuador, CARCHI, Tulcan",Hotel San Antonio,06-7364745,Carrera 21A No.16-09 Centro
"Ecuador, PICHINCHA, Quito",Hotel Akros,02-2430600,Av 6 de Diciembre N34-120 y Eloy Alfaro
"Ecuador, PICHINCHA, Quito",Hotel Gold,02-2257391,Av 10 de Agosto N35-77 e Ignacio San Maria
"Ecuador, PICHINCHA, Quito",Hotel Quito,02-3964900,Av González Suárez N27-142
"Ecuador, PICHINCHA, Quito",Hotel Cayman,02-2567616,Juan Rodríguez E7-29 y Reina Victoria
"Ecuador, CHIMBORAZO, Riobamba",Hotel Canadá,03-2946676,Av La Prensa 2331 y Av Daniel León Borja (Terminal Terrestre Riobamba)
"Ecuador, CHIMBORAZO, Riobamba",Hotel Imperial,03-2960429,Rocafuerte 22-15 y 10 de Agosto
"Ecuador, CHIMBORAZO, Riobamba",Hotel Whymper,03-2968137,Av Miguel Ángel León 2310 y Primera Constituyente ( Riobamba)
"Ecuador, CHIMBORAZO, Riobamba",Hotel El Galpón,03-2960981,Argentinos y Av Carlos Zambrano
"Ecuador, CHIMBORAZO, Riobamba",Hotel El Molino,03-2942232,Duchicela 4213 y Unidad Nacional
"Ecuador, CHIMBORAZO, Riobamba",Hotel Los Shyris,03-2960323,"Rocafuerte 2160 y 10 de Agosto, Esquina"
"Ecuador, CHIMBORAZO, Riobamba",Hotel Monterrey,03-2962421,Rey Cacha 4429 y Eplicachima
"Ecuador, CHIMBORAZO, Riobamba",Hotel Camino Real,03-2306047,"Av La Prensa y José María Banderas, Frente al Terminal Terrestre"
"Ecuador, CHIMBORAZO, Riobamba",Hotel El Libertador,03-2947393,Av Daniel León Borja 2922 y Carabobo
"Ecuador, CHIMBORAZO, Riobamba",Hotel Marquez De Rio,03-2601642,Av Lizarzaburu Km 1 1/2 Vía a Quito
"Ecuador, CHIMBORAZO, Riobamba",Hotel Metropolitano,03-2961714,Av Daniel León Borja y Lavalle
"Ecuador, COTOPAXI, Latacunga",Hotel Villa de Tacvnga,03-2812352,Sánchez de Orellana y Guayaquil (esquina)
"Ecuador, COTOPAXI, Salcedo",Hostería Rumipamba De Las Rosas,03-2726306,Av Norte y Eloy Yerovi (Salcedo)
"Ecuador, COTOPAXI, Lasso",Hacienda La Ciénega,03-2719052,Panamericana Norte Km 20
"Ecuador, COTOPAXI, Lasso",Hacienda San Agustín de Callo,03-2719160,Lasso - Parque Nacional Cotopaxi
"Ecuador, TUNGURAHUA, Ambato",Hotel Ambato,03-2421791,Guayaquil  y Rocafuerte s/n
"Ecuador, TUNGURAHUA, Banos  Tungurahua",Hotel Sangay,03-2740490,Plazoleta Isidro Ayora - 100
"Ecuador, TUNGURAHUA, Baños Tungurahua",Hotel Alisamay,03-2741391,Eugenio Espejo y Juan León Mera (Baños - Tungurahua)
"Ecuador, TUNGURAHUA, Baños Tungurahua",Hotel Danubio,03-2740426,Vicente Rocafuerte y Eloy Alfaro
"Ecuador, TUNGURAHUA, Ambato",Hotel Señorial,03-2826249,Av Cevallos  y Quito (Esq )
"Ecuador, TUNGURAHUA, Baños Tungurahua",Hotel Achupalla,03-2740389,"16 de Diciembre y Ambato, Frente al Parque de la Basílica"
"Ecuador, TUNGURAHUA, Ambato",Hotel El Jardín,03-2520881,México 03-99 y El Salvador a dos cuadras del Terminal Terrestre Ingahurco
"Ecuador, TUNGURAHUA, Ambato",Hotel Emperador,03-2424466,Av. Cevallos 10-14 y Lalama esq.
"Ecuador, TUNGURAHUA, Ambato",Hotel Guayaquil,03-2823886,Mera 07-86 y 12 de Noviembre
"Ecuador, TUNGURAHUA, Ambato",Hotel Miraflores,03-2460204,Av Miraflores 15-27 y Las Rosas
"Ecuador, TUNGURAHUA, Ambato",Hotel Tungurahua,03-2823585,Av Cevallos 06-55 y Ayllón
"Ecuador, TUNGURAHUA, Ambato",Hotel Vida Linda,03-2828000,Calle Soledad Eterna 01-203 y Rodrigo Pachano
"Ecuador, TUNGURAHUA, Baños Tungurahua",Hotel La Floresta,03-2740457,Montalvo y Thomas Halflants Esq.
"Ecuador, CAÑAR, Azogues",Hotel León,07-2249916,Luis Monsalve Pozo y Av Che Guevara
"Ecuador, CAÑAR, Azogues",Hostería Cabañas de San Luis,07-2868853,J. Marti  y  G. Mistral
"Ecuador, ORELLANA, Coca (Fco. de Orellana)",Hostal Santa María,06-2880287,Rocafuerte 04-10 y Quito
"Ecuador, NAPO, Tena",Hotel Brisas del Río,06-2886208,Francisco de Orellana 248 y 9 de Octubre (Tena)
"Ecuador, NAPO, Tena",Hotel Clark's Marena In,06-2890002,"Puerto Misauhalli, Calle Juana Arteaga y Antonio Santander"
"Ecuador, NAPO, Misahualli",Hotel y Cabaña Albergue Español,06-2890004,Misahualli - A Orilla del Río Napo (Tena)
"Ecuador, NAPO, Tena",HOSTAL AND AGENCY LIMONCOCHA,06-2846303,AV. DEL CHOFER
"Ecuador, NAPO, Chaco",Hostal Restaurante Manabí,06-2329125,"Barrio San José, Calle 13 de Junio y Julian Alvarado"
"Ecuador, NAPO, Tena",Hostería El Establo de Tomás,06-2888926,Barrio Lupi Muyona vía al Calvario a 4.5 Km de Tena
"Ecuador, NAPO, Misahualli",Hostal y Restaurante La Posada,06-2890049,Juana de Arteaga y Napo (Misahualli)
"Ecuador, NAPO, Tena",Hostal Loren's,06-2870232,Av 15 de Noviembre y Río Pano Esq. Entrada del Parque Amazónico
"Ecuador, NAPO, Tena",Hostal Los Anturios,06-2886759,Calle Misahuallí y 12 de Febrero (Tena)
"Ecuador, NAPO, Baeza",Hostal La Casa de Gina,06-2320471,Batallón Chimborazo y Jumandi (Baeza)
"Ecuador, NAPO, Misahualli",CASA DE HUESPEDES VILLA DULCE DANIELA,062890164,Pto Misahualli
"Ecuador, NAPO, Tena",Cabañas Suchipakari Jungle Lodge,02-2959042,Sector Pusuno Bajo a 25 min de Puerto Misahuallí
"Ecuador, NAPO, Ahuano",Cabañas Cotococha Amazon Lodge,02-2234336,Km 10 Vía Ahuano a 20 min del Tena
"Ecuador, PASTAZA, Puyo",Hotel Posada Real,03-2885887,4 de Enero y 27 de Febrero Esq.
"Ecuador, PASTAZA, Puyo",Hosteria Lizanes,03-2792456,Vía Shell El Puyo Kim 6 (Santa Rosa)
"Ecuador, PASTAZA, Puyo",Hostal Kanoas,03-2887109,9 de Octubre y Lucindo Ortega
"Ecuador, PASTAZA, Puyo",Hostería Safari,03-2533006,"Km 5 Vía Tena, Puyo - Pastaza"
"Ecuador, PASTAZA, Puyo",Hostería Turingia,03-2885180,Ceslao Marin 294 y Javier Vargas
"Ecuador, ZAMORA CHINCHIPE, Guayzimi",Hotel Ayamtaic,07-3038713,Av Jorge Mosquera y Carlos Vélez
"Ecuador, ZAMORA CHINCHIPE, Zamora",Hotel Betania,07-2607030,Calle Francisco de Orellana y Av Amazonas
"Ecuador, ZAMORA CHINCHIPE, Zamora",Hotel Everlast,07-2627027,Calle Diego de Vaca y Luis Marquez
"Ecuador, ZAMORA CHINCHIPE, Yantzaza",Hotel Oriental,07-2300901,Av Iván Riofrío y 1ero de Mayo
"Ecuador, ZAMORA CHINCHIPE, Zamora",Hotel Wampushkar,07-2607800,Diego de Vaca y Calle Vicente Aldean
"Ecuador, ZAMORA CHINCHIPE, Yantzaza",Hotel´s Sebastian´s Internacional,07-2300911,Calle 1ero de Mayo e Iván Riofrío
"Ecuador, LOJA, Macará",Hostal Conquistador,07-2695357,Calle Bolívar y Abdón Calderón
"Ecuador, SUCUMBIOS, Shushufindi",Cuyabeno Lodge,02-2926153,Shushufindi - Limoncocha
"Ecuador, MORONA SANTIAGO, Gualaquiza",Hotel Wakiz,07-2780138,"Francisco de Orellana y Domingo Comín, esquina"
"Ecuador, MORONA SANTIAGO, Sucúa",Hotel Don Guimo,07-2740483,Domingo Comín s/n y Kiruba
"Ecuador, MORONA SANTIAGO, Gualaquiza",Hostal Residencial Anita,07-2780113,Calle Gonzalo P. y García Moreno
"Ecuador, MORONA SANTIAGO, Sucúa",Hostal Athenas,07-2740216,Av. domingo comín y Serafín Solís
"Ecuador, SANTA ELENA, La Libertad",Hotelito,04-2781314,Av Eleodoro Solorzano E/ Calle 18 y 19
"Ecuador, GUAYAS, General Villamil - Playas",Hotel Ana,04-2761770,Km 1.5 Vía a la Data
"Ecuador, MANABI, Manta",Hotel Leo,05-2623159,Av 9 y 24 de Mayo Frente al Terminal Terrestre
"Ecuador, PICHINCHA, Quito",Hotel Akros,02-2430600,Av 6 de Diciembre N34-120 y Eloy Alfaro
"Ecuador, SANTA ELENA, Salinas",Hotel Amira,04-2770705,Av Eloy Alfaro entre Calle 4ta y 4ta Chipipe
"Ecuador, LOS RIOS, Vinces",Hotel Azuay,05-2791131,Calle Balzar y Av Las Flores
"Ecuador, SANTA ELENA, Salinas",Hotel Bleu,04-2771172,Calle 30 y Malecón
"Ecuador, PICHINCHA, Quito",Hotel Gold,02-2257391,Av 10 de Agosto N35-77 e Ignacio San Maria
"Ecuador, EL ORO, Machala",Hotel Inés,07-2932301,Juan Montalvo E/ Boyacá y Pasaje
"Ecuador, AZUAY, Cuenca",Hotel Kuna,07-2838305,Av de las Américas 10-93 y Luis Cordero
"Ecuador, CAÑAR, Azogues",Hotel León,07-2249916,Luis Monsalve Pozo y Av Che Guevara
"Ecuador, SANTA ELENA, Montañita",Hotel Maeo,04-2060052,Montañita
"Ecuador, EL ORO, Santa Rosa",Hotel Magma,07-2945994,Eloy Alfaro y Sucre
"Ecuador, MANABI, Manta",Hotel Miami,05-2384743,Malecón y Calle 108
"Ecuador, AZUAY, Cuenca",Hotel Milán,07-2831104,Pdte. Córdova 9-89 y Padre Aguirre
"Ecuador, AZUAY, Cuenca",Hotel Norte,07-2827881,Mariano Cueva 11-63 y Sangurima
"Ecuador, PICHINCHA, Quito",Hotel Quito,02-3964900,Av González Suárez N27-142
"Ecuador, AZUAY, Cuenca",Hotel Siena,07-2822552,Hno. Miguel 5-84 y Juan Jaramillo
"Ecuador, AZUAY, Cuenca",Hotel Tito,07-4114384,Sangurima 1-49 y Manuel Vega
"Ecuador, MANABI, Manta",Hotel Umiña,05-2623295,La Ensenadita Diagonal al Paso Lateral Tarqui
"Ecuador, MORONA SANTIAGO, Gualaquiza",Hotel Wakiz,07-2780138,"Francisco de Orellana y Domingo Comín, esquina"
"Ecuador, SANTA ELENA, Salinas",Hotel Yulee,04-2772028,Segunda Av y 14 Calle s/n Sector Chipipe
"Ecuador, LOJA, Loja",HOTEL CALUVA,072587900,Ramon Pinto 07/15 entre Jose Antonio Eguiguren
"Ecuador, TUNGURAHUA, Ambato",Hotel Ambato,03-2421791,Guayaquil  y Rocafuerte s/n
"Ecuador, AZUAY, Cuenca",Hotel Atenas,07-2827016,Luis Cordero 11-89 y Sangurima Esq.
"Ecuador, GUAYAS, Milagro",Hotel Berlín,08-5970820,Km. 2 1/2 Vía al KM. 26
"Ecuador, SANTO DOMINGO DE LOS TSACHILAS, Santo Domingo",Hotel Caleta,02-2750277,Calle Ibarra 906 y Av 29 de Mayo
"Ecuador, CHIMBORAZO, Riobamba",Hotel Canadá,03-2946676,Av La Prensa 2331 y Av Daniel León Borja (Terminal Terrestre Riobamba)
"Ecuador, PICHINCHA, Quito",Hotel Cayman,02-2567616,Juan Rodríguez E7-29 y Reina Victoria
"Ecuador, AZUAY, Cuenca",Hotel Crespo,07-2842571,Calle Larga 7-93 y Luis Cordero
"Ecuador, AZUAY, Cuenca",Hotel Crespo,07-2842571,Calle Larga 7-93 y Luis Cordero
"Ecuador, AZUAY, Cuenca",Hotel Cuenca,07-2833711,A. Borrero 10-69 E/ Mariscal Lamar y G Colombia
"Ecuador, AZUAY, Cuenca",Hotel Cuenca,07-2833711,Borrero 10-69 y Lamar
"Ecuador, AZUAY, Cuenca",Hotel Cuenca,07-2833711,Borrero 10-69 y Gran Colombia
"Ecuador, AZUAY, Cuenca",Hotel Europa,07-2830493,Sangurima 2-55 y Tomás Ordóñez
"Ecuador, PICHINCHA, Quito",Hotel Hernán,02-2280386,Venezuela N2-37 y Bolívar
"Ecuador, LOS RIOS, Quevedo",Hotel Hilton,05-2750353,Calle Novena 433 y June Guzmán (Frente al IESS)
"Ecuador, MANABI, Bahía",Hotel Italia,05-2691137,Av Bolívar y Calle Checa Esquina (Bahia)
"Ecuador, MANABI, Portoviejo",Hotel Máximo,05-2636521,Av América y 5 de Junio
"Ecuador, LOJA, Loja",Hotel Ramsés,07-2571402,Colón 14-31 y Bolívar
"Ecuador, PICHINCHA, Quito",Hotel Rick's,02-2543276,Carrión E7-26 Y Reina Victoria
"Ecuador, GUAYAS, Guayaquil",Hotel Sander,04-2320030,Luque 1101 - 1103 y Pedro Moncayo
"Ecuador, TUNGURAHUA, Banos  Tungurahua",Hotel Sangay,03-2740490,Plazoleta Isidro Ayora - 100
"Ecuador, AZUAY, Cuenca",Hotel 4 Mundos,07-2837058,B Malo 10-70 E/ Lamar y Gran Colombia
"Ecuador, LOJA, Loja",Hotel Acapulco,07-2570651,SUCRE 07-61 Y 10 DE AGOSTO
"Ecuador, MANABI, San Vicente",Hotel Alcatraz,05-2674179,Malecón Km 1.5 Vía Canoa
"Ecuador, TUNGURAHUA, Baños Tungurahua",Hotel Alisamay,03-2741391,Eugenio Espejo y Juan León Mera (Baños - Tungurahua)
"Ecuador, PICHINCHA, Quito",Hotel Allegria,02-2683030,Av Tnte. Hugo Ortiz S25-247 y Cusubamba
"Ecuador, GUAYAS, Guayaquil",Hotel Andaluz,04-2311060,Baquerizo Moreno 840 y Junín
"Ecuador, SANTA ELENA, Salinas",Hotel Aragosta,04-2778720,Av Principal Diagonal al Estadio Camilo Gallegos Vía Salinas
"Ecuador, LOJA, Loja",Hotel Astoría,04-2710450,5 de Junio E/ Seminario y Bolívar
"Ecuador, ZAMORA CHINCHIPE, Guayzimi",Hotel Ayamtaic,07-3038713,Av Jorge Mosquera y Carlos Vélez
"Ecuador, PICHINCHA, Quito",Hotel Barnard,02-2540629,Av Queseras del Medio E11-205 y Av Colombia
"Ecuador, ESMERALDAS, Esmeraldas",Hotel Barracón,06-2712647,Av Olmedo 1502 y Rocafuerte
"Ecuador, ZAMORA CHINCHIPE, Zamora",Hotel Betania,07-2607030,Calle Francisco de Orellana y Av Amazonas
"Ecuador, AZUAY, Cuenca",Hotel Carvallo,07-2832063,Gran Colombia 9-52 y Benigno Malo
"Ecuador, GUAYAS, Guayaquil",Hotel Castell,04-2680190,Av Miguel H Alcívar y Calle Ulloa (Esq) (Frente al Parque Japones)
"Ecuador, SANTA ELENA, Salinas",Hotel Chipipe,04-2770550,Salinas Sector Chipipe
"Ecuador, SANTA ELENA, Santa Elena",Hotel Cisne II,04-2941572,Guayaquil entre Sucre y Manabí
"Ecuador, AZUAY, Cuenca",Hotel Coronel,07-2838108,Mariano Cueva 9-42 y Bolívar
"Ecuador, PICHINCHA, Quito",Hotel Cotopaxi,02-2442048,Av América N34-11 y Rumipamba
"Ecuador, EL ORO, Machala",Hotel Cumandá,07-2932135,Boyacá 822 E/ Páez y Juan Montalvo
"Ecuador, TUNGURAHUA, Baños Tungurahua",Hotel Danubio,03-2740426,Vicente Rocafuerte y Eloy Alfaro
"Ecuador, GUAYAS, Guayaquil",Hotel Del Rey,04-2455977,Aguirre y Andrés Marín
"Ecuador, GUAYAS, Guayaquil",Hotel Delicia,042324925,Clemente Ballén 1105 y Pío Montúfar
"Ecuador, AZUAY, Cuenca",Hotel El Cisne,07-2881655,Av de las Americas  y Av Amazonas
"Ecuador, AZUAY, Cuenca",Hotel El Cisne,07-2881655,Av. de Las Américas E/ Remigio Crespo y Amazonas
"Ecuador, ESMERALDAS, Atacames",Hotel Elicio's,06-2731258,"Barrio Nueva Granada, Calle Principal Atacames"
"Ecuador, LOS RIOS, Ventanas",Hotel Elisita,05-2971825,Abdón Calderón y Malecón
"Ecuador, PICHINCHA, Quito",Hotel Embassy,02-2561990,Wilson E8-22 y Av 6 de Diciembre
"Ecuador, AZUAY, Cuenca",Hotel Ensueños,07-2844961,Gran Colombia 1-82 y Huayna Cápac
"Ecuador, AZUAY, Cuenca",Hotel Ensueños,07-2844961,Gran Colombia 1-82 y Huayna Cápac
"Ecuador, ZAMORA CHINCHIPE, Zamora",Hotel Everlast,07-2627027,Calle Diego de Vaca y Luis Marquez
"Ecuador, MANABI, Puerto López",Hotel Fragata,05-2300156,Calle Eloy Alfaro y Malecón (Pto. López)
"Ecuador, GUAYAS, Guayaquil",Hotel Geminis,04-2451127,Ayacucho 1503 y Antepara Esq
"Ecuador, GUAYAS, Guayaquil",Hotel Huracan,042565667,Boyacá 702 y Padre Solano
"Ecuador, CHIMBORAZO, Riobamba",Hotel Imperial,03-2960429,Rocafuerte 22-15 y 10 de Agosto
"Ecuador, EL ORO, Arenillas",Hotel Imperial,07-2908795,Calle Guayaquil y Av Ing. Davila
"Ecuador, PICHINCHA, Quito",Hotel La Niña,02-2230472,La Niña E4-421 E/ Av Amazonas y Juan León Mera
"Ecuador, GUAYAS, Guayaquil",Hotel La Torre,09-68999181,Chile 303 y Luque piso 13
"Ecuador, PICHINCHA, Quito",Hotel Le Parc,02-2276800,Av República del Salvador N34-349 e Irlanda
"Ecuador, SANTA ELENA, Montañita",Hotel Majagua,04-2060038,Calle de Los Cocteleros
"Ecuador, PICHINCHA, Quito",Hotel Majestic,02-2543182,Mercadillo 366 (Oe2-58) y Versalles (Sta Clara)
"Ecuador, AZUAY, Cuenca",Hotel Majestic,07-2843502,Luis Cordero 11-29 E/ Mariscal y Sangurima
"Ecuador, MANABI, Manta",Hotel Mar Azul,05-2629455,Barrio El Murciélago Calle 22 y Av Flavio Reyes
"Ecuador, SANTA ELENA, Salinas",Hotel Marnier,04-2779588,Av Principal de Salinas Cdla Italiana (Sector San Lorenzo)
"Ecuador, GUAYAS, Guayaquil",Hotel Mi Casa,04-2285099,Primero de Mayo 1010 E/ Tulcán y Carchi
"Ecuador, GUAYAS, Guayaquil",Hotel México 2,04-2415353,Manabí 105 y Cacique Álvarez
"Ecuador, ZAMORA CHINCHIPE, Yantzaza",Hotel Oriental,07-2300901,Av Iván Riofrío y 1ero de Mayo
"Ecuador, MANABI, Manta",Hotel Orlando,05-2922827,Colorado Km 7.5 Carretera Panamericana entre Manta y Montecristi
"Ecuador, GUAYAS, Guayaquil",Hotel Oro Mar,042309916,Ximena 718 E/ Víctor Manuel Rendón y Junín
"Ecuador, PICHINCHA, Quito",Hotel Othello,02-2902490,Av Amazonas N20-20 y 18 de Septiembre
"Ecuador, MANABI, Manta",Hotel Poseidon,05-5002800,Km 1.5 Vía Barbasquillo
"Ecuador, SANTA ELENA, Salinas",Hotel Salinas,04-2774268,Calle 27 y Gral. Enriquez Gallo
"Ecuador, SANTA ELENA, Salinas",Hotel Salinas,04-2772179,General Enrique Gallo y Calle 27
"Ecuador, AZUAY, Cuenca",Hotel San Juan,07-2840870,General Torres 9-59 y Gran Colombia
"Ecuador, TUNGURAHUA, Ambato",Hotel Señorial,03-2826249,Av Cevallos  y Quito (Esq )
"Ecuador, GALAPAGOS, Puerto Ayora",Hotel Solymar,05-2526281,"Av Charles Darwin y Thomas de Berlanga, Isla Santa Cruz"
"Ecuador, GUAYAS, Guayaquil",Hotel Sonesta,04-2595900,Av Joaquín Orrantia y Av Leopoldo Benitez (junto al Mall del Sol)
"Ecuador, GUAYAS, Guayaquil",Hotel Tourist,042309746,Baquerizo Moreno 903 y Junín
"Ecuador, GUAYAS, Guayaquil",Hotel Unipark,04-2327100,Clemente Ballén 406 E/ Chile y Chimborazo
"Ecuador, CHIMBORAZO, Riobamba",Hotel Whymper,03-2968137,Av Miguel Ángel León 2310 y Primera Constituyente ( Riobamba)
"Ecuador, PICHINCHA, Quito",Hotel Windsor,02-2224033,Vicente Ramon Roca E4-115 y Av Amazonas
"Ecuador, AZUAY, Cuenca",Hotel Yanuncay,07-4115081,Vargas Machuca 10-70 E/ Gran Colombia y M. Lamar
"Ecuador, LOS RIOS, Quevedo",Hotel del Río,05-2763381,Vigésima Tercera 1123 y Malecón
"Ecuador, TUNGURAHUA, Baños Tungurahua",Hotel Achupalla,03-2740389,"16 de Diciembre y Ambato, Frente al Parque de la Basílica"
"Ecuador, EL ORO, Puerto Bolívar",Hotel Adriand's,07-2927531,Av José Ugarte y Gonzalo Córdova (Pto. Bolívar)
"Ecuador, PICHINCHA, Quito",Hotel Aeropuerto,02-2435899,Av Amazonas N50-25 y Geodésicos
"Ecuador, GUAYAS, Guayaquil",Hotel Alexander,042532000,Luque 1107 y Av Quito
"Ecuador, AZUAY, Cuenca",Hotel Alli Tiana,07-2831844,Pdte. Córdova y Padre Aguirre Esq.
"Ecuador, PICHINCHA, Quito",Hotel Alston Inn,02-2222721,Juan León Mera N23-41 y Veintimilla
"Ecuador, GUAYAS, Guayaquil",Hotel Andes Inn,04-2329796,Lorenzo de Garaycoa # 1233 E/ Clemente Ballén y Aguirre
"Ecuador, MANABI, Manta",Hotel Arena Mar,05-2381856,Calle 101 E/ Av 106 y 107 (Fte. Monumento del Pescador)
"Ecuador, AZUAY, Cuenca",Hotel Best Plaza,07-2809214,Eloy Alfaro 1-43 y Av Huayna-Cápac
"Ecuador, MANABI, Bahía",Hotel Casa Ceibo,05-2399399,Av Sixto Durán Ballén Km 5.5
"Ecuador, MANABI, Portoviejo",Hotel Ceibo Real,05-2655109,Av Manabí  y P Montúfar Esquina
"Ecuador, GUAYAS, Guayaquil",Hotel Cityplaza,042309209,"Boyacá 922 y Víctor Manuel Rendón, esquina"
"Ecuador, MORONA SANTIAGO, Sucúa",Hotel Don Guimo,07-2740483,Domingo Comín s/n y Kiruba
"Ecuador, SANTA ELENA, Salinas",Hotel Don Mincho,04-2775034,Av Principal Carlos Espinoza Larrea diagonal a Supermaxi
"Ecuador, MANABI, Portoviejo",Hotel Ejecutivo,05-2630840,18 de Oct e/ 10 de Agosto y Pedro Gual
"Ecuador, EL ORO, Machala",Hotel Ejecutivo,07-2933992,Sucre y 9 de Mayo Esq.
"Ecuador, PICHINCHA, Quito",Hotel Ejido Real,02-2523565,Av Tarqui E1-206 y Luis Felipe Borja (Frente al Parque El Ejido)
"Ecuador, PICHINCHA, Quito",Hotel El Cráter,02-2398132,Mirador del Pululahua (Mitad del Mundo)
"Ecuador, CHIMBORAZO, Riobamba",Hotel El Galpón,03-2960981,Argentinos y Av Carlos Zambrano
"Ecuador, TUNGURAHUA, Ambato",Hotel El Jardín,03-2520881,México 03-99 y El Salvador a dos cuadras del Terminal Terrestre Ingahurco
"Ecuador, ESMERALDAS, Atacames",Hotel El Marqués,06-2731560,Malecón y Los Crotos
"Ecuador, CHIMBORAZO, Riobamba",Hotel El Molino,03-2942232,Duchicela 4213 y Unidad Nacional
"Ecuador, AZUAY, Cuenca",Hotel El Quijote,07-2835031,Hno Miguel 9-58 y Gran Colombia (Frente al Pasaje San Alfonso)
"Ecuador, GUAYAS, Daule",Hotel El Refugio,04-2796949,Barrio Banife Cdla De Los Choferes Mz 1 Sl 1-2
"Ecuador, ESMERALDAS, Atacames",Hotel El Tiburon,06-2731145,Atacames - Frente al Mar
"Ecuador, TUNGURAHUA, Ambato",Hotel Emperador,03-2424466,Av. Cevallos 10-14 y Lalama esq.
"Ecuador, GALAPAGOS, Puerto Ayora",Hotel Fernandina,05-2526122,18 de Febrero y Piqueros - Isla Santa Cruz
"Ecuador, PICHINCHA, Quito",Hotel Finlandia,02-2244287,Finlandia N32-129 y Suecia
"Ecuador, AZUAY, Cuenca",Hotel Gran Hotel,07-2821934,General Torres 9-70 E/Bolívar y G. Colombia
"Ecuador, AZUAY, Cuenca",Hotel Gran Hotel,07-2831934,General Torres 9-70 E/ Bolívar y Gran Colombia
"Ecuador, TUNGURAHUA, Ambato",Hotel Guayaquil,03-2823886,Mera 07-86 y 12 de Noviembre
"Ecuador, AZUAY, Cuenca",Hotel Inca Real,07-2825571,Gral Torres 8-40 E/ M. Sucre y Bolívar
"Ecuador, SANTA ELENA, La Libertad",Hotel La Caleta,04-2784210,Calle 21 E/ La 1ra y la 2da
"Ecuador, PICHINCHA, Quito",Hotel La Cibeles,02-2451288,Isla Floreana E5-43 e Isla San Cristóbal
"Ecuador, GUAYAS, Guayaquil",Hotel La Fontana,042307230,"P. Icaza 404 y General Córdova, esquina"
"Ecuador, EL ORO, Santa Rosa",Hotel La Fortuna,07-2946083,Octavio Ochoa E/ Sucre y Olmedo
"Ecuador, IMBABURA, Ibarra",Hotel La Giralda,06-2956002,Av Atahualpa 15-142 y Juan Francisco Bonilla
"Ecuador, MANABI, Bahía",Hotel La Piedra,05-2690780,Circunvalación Virgilio Ratti 803 (Frente al Mar)
"Ecuador, GUAYAS, Guayaquil",Hotel Las Peñas,04-2323374,Escobedo 1215 E/ 9 de Octubre y Vélez Esq.
"Ecuador, MANABI, Manta",Hotel Las Rocas,05-2620607,Calle 101 y Av 105
"Ecuador, LOJA, Loja",Hotel Libertador,07-2570344,Colón 14-30 y Bolívar
"Ecuador, CHIMBORAZO, Riobamba",Hotel Los Shyris,03-2960323,"Rocafuerte 2160 y 10 de Agosto, Esquina"
"Ecuador, AZUAY, Cuenca",Hotel Los Álamos,07-2863444,Madrid 1-42 y Av España
"Ecuador, SANTA ELENA, Salinas",Hotel Manhattan,04-2778529,Cdla La Italiana Calle 54 y Av 38 Diag. al Colegio Rubira
"Ecuador, GUAYAS, Guayaquil",Hotel Marcelius,04-6026422,"Cdla Kennedy Norte, José Falconí y José Alavedra Tama"
"Ecuador, TUNGURAHUA, Ambato",Hotel Miraflores,03-2460204,Av Miraflores 15-27 y Las Rosas
"Ecuador, SANTA ELENA, Montañita",Hotel Montañita,04-2060065,Guido Chiriboga y 2da Av. Junto al Banco Bolivariano.
"Ecuador, CHIMBORAZO, Riobamba",Hotel Monterrey,03-2962421,Rey Cacha 4429 y Eplicachima
"Ecuador, GUAYAS, Guayaquil",Hotel Niucanche,04-2512312,Pío Montúfar 105 y Aguirre
"Ecuador, EL ORO, Machala",Hotel Oro Verde,07-2980074,General Telmo Sandoval y Av Edgar Córdova Polo
"Ecuador, MANABI, Bahía",Hotel Patricio's,05-2690046,Calle Salinas y Arenas Esquina
"Ecuador, AZUAY, Cuenca",Hotel Patrimonio,07-2837812,S. Bolívar 6-22 y Hno Miguel
"Ecuador, AZUAY, Cuenca",Hotel Plaza Real,07-2870602,Av. Eloy Alfaro 1-43 y Av. Huayna Cápac
"Ecuador, AZUAY, Cuenca",Hotel Prado Inn,07-2869968,Pdte. V. Rocafuerte 3-45 y Huayna-Cápac
"Ecuador, AZUAY, Cuenca",Hotel Presidente,07-2831066,Gran Colombia 6-59 y Pdte. Antonio Borrero
"Ecuador, LOS RIOS, Quevedo",Hotel Presidente,05-2780805,Cdla Jardines del Este - Calle Principal - Vía Valencia Km 1
"Ecuador, LOS RIOS, Quevedo",Hotel Quinsaloma,05-2907413,Av El Progreso Km 1 Vía a la Ercilia - Quinsaloma
"Ecuador, PICHINCHA, Quito",Hotel República,02-2436553,Av República E2-137 y Azuay
"Ecuador, IMBABURA, Ibarra",Hotel Royal Ruiz,06-2644653,Calle Olmedo 940 y Pedro Moncayo
"Ecuador, PICHINCHA, Quito",Hotel Rumipamba,02-2273448,Pablo del Solar E7-94 y Av 6 de Diciembre
"Ecuador, AZUAY, Cuenca",Hotel San Carlos,07-2862158,Madrid 1-44 y Av España
"Ecuador, PICHINCHA, Quito",Hotel Sandmelis,02-2461225,Tomás de Berlanga E8-128 y Av de los Shyris
"Ecuador, AZUAY, Cuenca",Hotel Santa Ana,07-2848138,Pdte. Córdova 11-49 E/ Gral Torres y Tarqui
"Ecuador, PICHINCHA, Quito",Hotel Sebastian,02-2222400,Almagro N24-276 (822) y Cordero
"Ecuador, GUAYAS, Guayaquil",Hotel Sol De Oro,042510000,Lorenzo de Garaicoa 1243 y Clemente Ballén
"Ecuador, GUAYAS, Guayaquil",Hotel Sol de Oro,04-2510000,L de Garaycoa 1243 y C Ballén
"Ecuador, SANTA ELENA, Salinas",Hotel Sun Beach,04-2776867,"Av Principal Carlos Espinoza Larrea E/calle 36 y 37, Cdla Italiana diagonal al colegio Rubira"
"Ecuador, PICHINCHA, Quito",Hotel Tambo Real,02-2563820,Av 12 de Octubre 6-70 y Patria
"Ecuador, LOS RIOS, Quevedo",Hotel Tampa Bay,052763930,Calle 7 de Octubre 725 y 9na
"Ecuador, SANTA ELENA, La Libertad",Hotel Temporada,04-2782279,Av Quinta y Calle 22 (Sector Mirador)
"Ecuador, AZUAY, Cuenca",Hotel Tomebamba,07-2823797,Bolívar 11-19 y Gral Torres
"Ecuador, TUNGURAHUA, Ambato",Hotel Tungurahua,03-2823585,Av Cevallos 06-55 y Ayllón
"Ecuador, SANTO DOMINGO DE LOS TSACHILAS, Santo Domingo",Hotel Unicornio,02-2760147,Av 29 de Mayo 712 y Ambato
"Ecuador, MANABI, San Vicente",Hotel Vacaciones,05-2674116,Malecón Leonidas Vega
"Ecuador, TUNGURAHUA, Ambato",Hotel Vida Linda,03-2828000,Calle Soledad Eterna 01-203 y Rodrigo Pachano
"Ecuador, PICHINCHA, Quito",Hotel Vieja Cuba,02-2906729,La Niña N26-202 y Av Diego de Almagro
"Ecuador, ZAMORA CHINCHIPE, Zamora",Hotel Wampushkar,07-2607800,Diego de Vaca y Calle Vicente Aldean
"Ecuador, MANABI, Crucita",Hotel Washington,05-2340452,Malecón
"Ecuador, AZUAY, Cuenca",Hotel Zahir 360,07-4105000,Av del Estadio S/N y Florencia Astudillo
"Ecuador, LOJA, Loja",HOTEL CALUVA LOJA,072587900,Ramon Pinto 07/15 entre Jose Antonio Eguiguren  y 10 de Agosto
"Ecuador, AZUAY, Cuenca",Hotel - Restaurante,07-2831120,Calle Larga 6-93 y Pdte. Antonio Borrero
"Ecuador, PICHINCHA, Quito",Hotel 9 de Octubre,02-2552424,9 de Octubre N24-171 y Av Colón
"Ecuador, MANABI, Manta",Hotel Agua Blanca,05-2383933,Calle 105 y Av 108 Diagonal a Esquina de Ales
"Ecuador, EL ORO, Santa Rosa",Hotel Alexia Queen,07-2943328,Sucre E/ Vega Dávila y Libertad
"Ecuador, SANTA ELENA, Montañita",Hotel Baja Montañita,04-2830832,Sector La Vía Punta Olón
"Ecuador, GUAYAS, Guayaquil",Hotel Bicentenario,042560143,Junín 700 y Boyacá
"Ecuador, PICHINCHA, Quito",Hotel Bonaventure,02-2505246,Av Amazonas N24-29 y Pinto
"Ecuador, NAPO, Tena",Hotel Brisas del Río,06-2886208,Francisco de Orellana 248 y 9 de Octubre (Tena)
"Ecuador, PICHINCHA, Quito",Hotel Café Cultura,02-2504078,Robles E5-62 y Reina Victoria
"Ecuador, CHIMBORAZO, Riobamba",Hotel Camino Real,03-2306047,"Av La Prensa y José María Banderas, Frente al Terminal Terrestre"
"Ecuador, LOS RIOS, Babahoyo",Hotel Capitol # 2,05-2730446,10 de Agosto 1038 y Martín Icaza
"Ecuador, PICHINCHA, Quito",Hotel Carlos Luis,02-2952951,"Paredes 145 y Morales, La Ronda"
"Ecuador, MANABI, Manta",Hotel Casino del Rey,05-2620607,Calle 101 y Av 105 Diag al Monumento al Pescador
"Ecuador, MANABI, Portoviejo",Hotel Ceibo Dorado,05-2657080,Espejo y Pedro Gual (Esq.)
"Ecuador, ESMERALDAS, Esmeraldas",Hotel Club del Sol,06-2760660,Atacames
"Ecuador, LOS RIOS, Quevedo",Hotel Costa del Sol,05-2783672,Vía El Empalme Km 1.5 Av Walter Andrade
"Ecuador, MANABI, Manta",Hotel Costa del Sol,05-2620019,Malecón 1 Calle 25 Frente al mar
"Ecuador, PICHINCHA, Quito",Hotel Dann Carlton,02-2249008,Av República de El Salvador N34-377 e Irlanda
"Ecuador, GUAYAS, Montañita",Hotel Dharma Beach,04-3714670,Frente al Mar a 100 mts del Río
"Ecuador, CHIMBORAZO, Riobamba",Hotel El Libertador,03-2947393,Av Daniel León Borja 2922 y Carabobo
"Ecuador, GUAYAS, Guayaquil",Hotel Flor De Liz,042305401,Lorenzo De Garaicoa 423 E/ Padre Solano y Alejo Lascano
"Ecuador, GUAYAS, Guayaquil",Hotel Garzota Inn,04-2655100,Cdla La Garzota 3era Etapa Mz 86 Solar 2 (frente aeropuerto J.J.O)
"Ecuador, PICHINCHA, Quito",Hotel Howard Johnson,02-2265265,Alemania E5-103 E/Amazonas y Av República
"Ecuador, LOJA, Loja",Hotel Howard Johnson,07-2589000,Av Zoilo Rodríguez  y Antisana Esq
"Ecuador, PICHINCHA, Quito",Hotel Interamericano,02-2284320,Av Maldonado S1-114 y Rocafuerte
"Ecuador, LOJA, Loja",Hotel La Castellana,07-2573790,Av. Lauro Guerrero 10-57 E/ Azuay y M. Riofrío
"Ecuador, TUNGURAHUA, Baños Tungurahua",Hotel La Floresta,03-2740457,Montalvo y Thomas Halflants Esq.
"Ecuador, LOS RIOS, Babahoyo",Hotel La Pradera # 2,05-2745368,Av Universitaria (frente Gobierno Provincial)
"Ecuador, MANABI, Manta",Hotel Las Gaviotas,05-2628840,Malecón de Tarqui 1109 E/ Calle 105 y 106
"Ecuador, MANABI, Manta",Hotel Las Gaviotas,05-2628840,Malecón de Tarqui 1109 E/ Calle 105 y 106 (Manta)
"Ecuador, EL ORO, Piñas",Hotel Las Orquídeas,07-2976355,Abdón Calderón s/n y Juan Montalvo
"Ecuador, GUAYAS, Guayaquil",Hotel Livingston Inn,042395301,"Km 1 Av. Juan Tanca Marengo, frente al Hotel Howard Johnson"
"Ecuador, GALAPAGOS, Puerto Ayora",Hotel Lobo de Mar,05-2526277,Isla Santa Cruz - Puerto Ayora. Av. Charles Darwin y 12 de Febrero
"Ecuador, SANTA ELENA, Salinas",Hotel Los Gemelos,04-2702030,Cdla Costa de Oro Mz A Solar 8 y 9 Entrando por Urbanización Las Arenas
"Ecuador, LOS RIOS, Quevedo",Hotel Los Helechos,05-2751054,Calle 24ava y Viva Alfaro
"Ecuador, MANABI, Manta",Hotel Lun Fun Manta,05-2612400,Avenida 11 Calle 2
"Ecuador, GUAYAS, Guayaquil",Hotel Malecón Inn,042511290,Sucre 203 y Pichincha
"Ecuador, LOJA, Malacatos",Hotel Manglar Inn,04-2750981,Hipólito González y Río Amazonas
"Ecuador, PICHINCHA, Quito",Hotel Margarita Inn,02-2952599,Elizalde E4-97 y Los Ríos
"Ecuador, MANABI, San Vicente",Hotel Marinero Inn,05-2674659,Malecón Leonidas Vega y Guayacanes
"Ecuador, CHIMBORAZO, Riobamba",Hotel Marquez De Rio,03-2601642,Av Lizarzaburu Km 1 1/2 Vía a Quito
"Ecuador, SANTA ELENA, Salinas",Hotel Marvento II,04-2770827,Av General Enriquez Gallo y Digno Núñez
"Ecuador, PICHINCHA, Quito",Hotel María Gracia,02-2299050,"Av Real Audiencia y Nasacota Puento Pasaje ""D"" Oe3-36"
"Ecuador, CHIMBORAZO, Riobamba",Hotel Metropolitano,03-2961714,Av Daniel León Borja y Lavalle
"Ecuador, LOS RIOS, Quevedo",Hotel Palmar del Sol,05-2784990,Quevedo Km 5. Vía El Empalme
"Ecuador, MANABI, Manta",Hotel Panorama Inn,05-2382310,Av 105 y Calle 103 (Manta - Tarqui)
"Ecuador, PICHINCHA, Quito",Hotel Patio Andaluz,02-2280830,García Moreno N6-52 y Olmedo
"Ecuador, MANABI, Puerto López",Hotel Piedra del Mar,05-2300250,General Córdova y Juan Montalvo
"Ecuador, MANABI, Puerto López",Hotel Piedra del Mar,05-2300250,Gral Córdova Frente a los Bomberos
"Ecuador, AZUAY, Cuenca",Hotel Pinar del Lago,07-4089751,Av. Ordóñez Lazo e Higuerillas
"Ecuador, PICHINCHA, Quito",Hotel Plaza Grande,02-2510777,"García Moreno N5-16 y Chile, Plaza de la Independencia"
"Ecuador, PASTAZA, Puyo",Hotel Posada Real,03-2885887,4 de Enero y 27 de Febrero Esq.
"Ecuador, EL ORO, El Guabo",Hotel Puerto Banana,07-3700720,Sucre y 3 de Noviembre
"Ecuador, PICHINCHA, Quito",Hotel Real Audiencia,02-2950090,Bolivar (220) OE 3-18 Y Guayaquil Esq.
"Ecuador, PICHINCHA, Quito",Hotel Reina Isabel,02-2555156,Av Amazonas N23-44 y Veintimilla
"Ecuador, CARCHI, Tulcan",Hotel San Antonio,06-7364745,Carrera 21A No.16-09 Centro
"Ecuador, AZUAY, Cuenca",Hotel San Antonio,07-2820779,A. Borrero 15-57 y Rafael M. Arízaga
"Ecuador, AZUAY, Cuenca",Hotel San Ezequiel,07-2830881,"Padre Aguirre y Sucre Esquina, diagonal al Parque de las Flores"
"Ecuador, PICHINCHA, Quito",Hotel Santa Clara,02-2541472,Gustavo Darquea 1578 y Av 10 De Agosto
"Ecuador, PICHINCHA, Quito",Hotel Sheraton Quito,02-2970002,Av Naciones Unidas y Av República de El Salvador
"Ecuador, PICHINCHA, Quito",Hotel Sierra Madre,02-2505687,Veintimilla E9-33 y Luis Tamayo
"Ecuador, MANABI, Manta",Hotel Sol Naciente,05-2380470,Av Pradera y Calle 2da (Junto a el Palmar 3era Etapa)
"Ecuador, SANTA ELENA, Salinas",Hotel Suites Salinas,04-2774267,General Enrique Gallo y Calle 27
"Ecuador, PICHINCHA, Quito",Hotel Terraza Suites,02-2259620,Isla San Cristóbal N43-186 y Río Coca (Quito)
"Ecuador, LOJA, Loja",Hotel The Chandelier,07-2563061,Imbabura 14-82  y Sucre
"Ecuador, LOJA, Malacatos",Hotel Villa Colonial,07-2673561,Juan Pío Montúfar y Justiniano Estupiñan (Junto al Coliseo)
"Ecuador, PICHINCHA, Quito",Hotel Viña Del Sol,02-2546199,Versalles N20-57 y Bolivia
"Ecuador, AZUAY, Cuenca",Hotel Vásquez Inn.,07-2850182,Av España y Huayna Cápac (Sector Chola Cuencana)
"Ecuador, GUAYAS, Guayaquil",Hotel de Alborada,04-2237251,Cdla Alborada 9na Etapa Mz 953 Sl. 8
"Ecuador, TUNGURAHUA, Ambato",Hotel de Las Flores,03-2520584,Av El Rey 333 y Mulmul (Ambato)
"Ecuador, EL ORO, Machala",Hotel ¨Los Jardines¨,07-2935552,Av Marcel Laniado entre Páez y Juan Montalvo
"Ecuador, SANTA ELENA, Salinas",HOTEL CARIDI - SALINAS,04-2775006,"Av Principal, Carlos Espinoza Larrea, Junto a Supermaxi"
"Ecuador, AZUAY, Cuenca",Hotel & Suites Valgus,07-4090772,Av Fray Vicente Solano 4-31 y Florencia Astudillo
"Ecuador, GUAYAS, Guayaquil",Hotel Apart Hotel Kennedy,04-2681111,Cdla Kennedy Norte Diagonal al hotel
"Ecuador, GUAYAS, Guayaquil",Hotel Boutique Casa Bella,04-2881742,"Lomas de Urdesa, Olmos y Panorama Mz 130 Casa # 6305"
"Ecuador, AZUAY, Cuenca",Hotel Boutique Zahir 360,07-4044470,Av. Del Estadio S/N y Florencia Astudillo
"Ecuador, MANABI, Manta",Hotel Cabañas Vistalmar,05-2621617,Calle M-1 y Av 24 (El Murcielago)
"Ecuador, MANABI, Manta",Hotel Capri Internacional,05-2384440,Calle 105 y Malecón de Tarqui
"Ecuador, GUAYAS, Guayaquil",Hotel Capri Internacional,042531034,Luque 1221 y Av Machala
"Ecuador, NAPO, Tena",Hotel Clark's Marena In,06-2890002,"Puerto Misauhalli, Calle Juana Arteaga y Antonio Santander"
"Ecuador, AZUAY, Cuenca",Hotel El Conquistador,07-2842888,Gran Colombia 6-65 y Pdte Borrero
"Ecuador, GUAYAS, Guayaquil",Hotel Elite Internacional,04-2565385,Baquerizo Moreno y Junín Esq.
"Ecuador, MANABI, Manta",Hotel Felipe Navarrete,05-2384630,Av 108 E/ Calles 102 y 103 (Tarqui) a lado del Banco del Pichincha
"Ecuador, GUAYAS, Guayaquil",Hotel Galeria Man Ging,04-2691881,Av 9 de Octubre 1608 y García Moreno
"Ecuador, SANTA ELENA, Salinas",Hotel Galeria's Beach,04-2773597,22 de Diciembre y Calle 36
"Ecuador, GUAYAS, Guayaquil",Hotel Galería Man Ging,042691881,Av 9 de Octubre 1608 y García Moreno
"Ecuador, PICHINCHA, Quito",Hotel Huasi Continental,02-2957327,Flores N3-08 y Sucre
"Ecuador, PICHINCHA, Quito",Hotel La Colina Suites,02-2234678,La Colina N26-119 y Av Orellana
"Ecuador, GUAYAS, Guayaquil",Hotel María del Cisne,04-2532586,Chiriboga 212 y Chimborazo Esq.
"Ecuador, PICHINCHA, Quito",Hotel Metrópolis del Sur,02-2664288,Gonzalo Cabezas S10-815 y Michelena
"Ecuador, IMBABURA, Ibarra",Hotel Montecarlo S.A.,06-2958182,Av Jaime Rivadeneira 5-55 y Oviedo
"Ecuador, GUAYAS, General Villamil - Playas",Hotel Novia del Pacífico,04-2761272,Av Jaime Roldós Aguilera frente al antiguo Hotel Miraglia
"Ecuador, GUAYAS, Guayaquil",Hotel Palace Hotpalsa S.A,04-2321080,Chile 214 E/ Vélez y Luque
"Ecuador, LOS RIOS, Quevedo",Hotel Popular Continental,05-2750035,7 de Octubre y Octava Esq.
"Ecuador, LOJA, Loja",Hotel Prado Internacional,07-2578080,Rocafuerte 17-39 E/ Manuel Agustín Aguirre y Lauro Guerrero
"Ecuador, GUAYAS, Guayaquil",Hotel Presidente Boutique,045037000,Junin 407 y General Córdova
"Ecuador, LOS RIOS, Quevedo",Hotel Restaurante Jade,05-2770630,Vía a Babahoyo Km 1.5
"Ecuador, PICHINCHA, Quito",Hotel Rincón Escandinavo,02-2225965,Leonidas Plaza N34-386 y Baquerizo Moreno
"Ecuador, SANTA ELENA, Salinas",Hotel Riviera del Sol,04-2770190,Av Jaime Roldós (atrás del Barcelo Colón)
"Ecuador, SANTA ELENA, Salinas",Hotel Salinas Costa Azul,04-2771999,General Enrique Gallo y Calle 27
"Ecuador, TUNGURAHUA, Baños Tungurahua",Hotel Samari Spa Resort,03-2741855,Av. De Las Amazonas Vía al Puyo Km. 1
"Ecuador, GUAYAS, Milagro",Hotel Suites Don Juan,042974567,Av 9 de Octubre y Av Garcia Moreno esq.
"Ecuador, AZUAY, Cuenca",Hotel Suites Paseo Real,07-2807373,Av Paseo de los Cañaris 3-09 y Camilo Egas Esq.
"Ecuador, LOS RIOS, Quevedo",Hotel Turístico Ejecutivo,05-2750596,Av 7 de Octubre y Cuarta # 214
"Ecuador, TUNGURAHUA, Baños Tungurahua",Hotel Villa Santa Clara,03-2740349,12 de Noviembre y Velasco Ibarra
"Ecuador, COTOPAXI, Latacunga",Hotel Villa de Tacvnga,03-2812352,Sánchez de Orellana y Guayaquil (esquina)
"Ecuador, GUAYAS, Guayaquil",Hotel Wyndham Guayaquil,04-3717800,Calle Numa Pompilia Llona S-N Ciudad del Río
"Ecuador, LOJA, Loja",Hoteles en Loja Ecuador,07-2584759,RAMON PINTO Y COLON ESQUINA CENTRO DE LA CIUDAD
"Ecuador, GALAPAGOS, Puerto Ayora",Hotel Angermeyer Waterfront Inn,05-2526561,Punta Estrada
"Ecuador, SANTA ELENA, Salinas",Hotel Blue Marlín del Pacífico,04-2773357,Digno A Núñez y Av Los Ficus
"Ecuador, AZUAY, Cuenca",Hotel Boutique Casa San Rafael,07-2823920,Simón Bolívar 5-05 y Mariano Cueva Esquina
"Ecuador, GUAYAS, Guayaquil",Hotel Boutique Mansión  del Río,04-2566044,Numa Pompilio Llona # 120 Barrios Las Peñas
"Ecuador, MANABI, Manta",Hotel Boutique María Isabel,05-2625013,Calle 24 y Av M2
"Ecuador, PICHINCHA, Quito",Hotel Boutique Plaza Sucre,02-2954926,Sucre Oe2-36 E/ Guayaquil y Flores
"Ecuador, MANABI, Manta",Hotel Bucaneiro - Hotel Hamilton,05-2621159,Av Flavio Reyes y Calle 29 Barrio Umiña
